{
    "decision_tree": {
        "accuracy": 98.72881355932203,
        "f1": 98.72881355932203,
        "precision": 98.72881355932203,
        "recall": 98.72881355932203
    },
    "naive_bayes": {
        "accuracy": 97.03389830508475,
        "f1": 97.20942585349364,
        "precision": 97.67967731421122,
        "recall": 97.03389830508475
    },
    "random_forest": {
        "accuracy": 96.1864406779661,
        "f1": 96.51704227975415,
        "precision": 97.21668328348288,
        "recall": 96.1864406779661
    }
}